sentence,true_label,predicted_label
it is also hoped that the project will broadly help to train professionals and the next generation of leaders by including students in the development of cutting-edge science and technology.,1,0
"uct staff asked pointed, important questions about the implementation of vision 2030, the integration of the vision’s goals and how we will resource the work required to achieve them, and the space for freedom.",0,1
this “utokyo way” was created to share what we have been doing with as many people as possible and to tell them about the future to which we aspire.,0,1
"#unleash professor mamokgethi phakeng vice-chancellor vice-chancellor’s introductionvision 2030 – unleash human potential for a fair and just society the road we have travelled in july 2018 uct’s newly appointed vice-chancellor, professor mamokgethi phakeng, introduced her vision for the university and adopted a future orientation to drive the thinking behind the development of a new strategic plan.",0,1
"research excellence rigorous, respected research is how we generate practical, workable solutions for tomorrow’s problems today.",1,0
"3.4.6 continue use of paid media in radio, tv, streaming devices, internet search, and print media to promote uma as an affordable, accessible, and high quality statewide higher education provider, as well as to support specific programs and initiatives.",0,1
"rl: i, s, u, d 2. provide educational opportunities for individuals in evaluative relationships and incorporate topics such as inclusive leadership, coaching techniques, conflict management, and creating psychological safety.",0,1
"the most important asset at the university of nebraska is its people — students, staff, post-doctoral fellows, and faculty.",1,0
"all of this will find its home on a campus that provides and uses its existing physical infrastructure in an innovative manner, suitable for the service of the 21st century and beyond.",0,1
"moulded over its existence on the western tradition of university excellence, uct has struggled with its own identity, culture and position in society.",0,1
"despite its location in afrika, uct’s afrikan roots are not sufficiently valued and foregrounded in its global performance as a research university, or in its curriculum.",1,0
our students will experience engaging teaching and degree programmes that keep evolving under our guiding principles for education.,1,0
"the diversity of our staff, postdoctoral fellows and postgraduate students, and the integrated relationship between teaching, learning and research, will put uct at the global cutting edge of both research and postgraduate education rooted in afrika.",0,1
"successful universities are financially disciplined, managing costs and securing alternative forms of revenue, which provides the flexibility to respond to challenging circumstances, pursue strategic priorities and deliver on the core mission of research, teaching and service.",1,0
"we will leverage and harness our data analytics capabilities to provide relevant information to the students, to their lecturers and tutors, and to our support departments in order to sustain the development of the whole person.",1,0
ucph will advance knowledge and provide solutions in collaboration with the surrounding world.,1,0
"in 2021, the cgc—together with the un sustainable development solutions network (sdsn) and yale university—released the global commons stewardship in 2021, the university of tokyo launched spring gx, a program for doctoral students, with the aim of training personnel to lead the green transformation (gx) of society on a large scale in all fields.",0,1
"5% annual increase in number of overall alumni giving 7. identify and address institutional barriers that perpetuate equity gaps between and across underrepresented groups 8. enhance existing and create new programs and networks for resilience and personal well-being for students, staff, faculty, and administrators 9. enhance existing and create new programs and networks for academic, cultural, and social support for students, staff, faculty, and administrators expectations: 1. increased number of students from underrepresented groups 2. reduced inequities in retention and graduation across student populations 3. increased number of faculty, post-doctoral scholars, and staff applicants and hires from underrepresented groups 4. increased retention rates of students from underrepresented groups 5. increased graduation rates of students from underrepresented groups 6. increased numbers and retention of faculty from underrepresented groups 7. increased retention of staff from underrepresented groups 8. increased number of programs/activities focused on well-being and resilience targets: 1. increase enrollment of first-time entering students from underrepresented ethnic/racial groups by 7 % 2. increase enrollment of pell-eligible first-time entering students by 8% 3. provide inclusive excellence professional education to 100% of instructors 4. increase the participation of underrepresented gender, ethnic, and racial employees in leadership development programs by 20% 5. provide inclusive excellence professional education to all search committee members 6.",0,1
"a what we heard report of core event themes has been prepared, which includes: ∞ invest to expand existing supports ∞ improve communication and awareness of existing supports ∞ increase collaboration with internal and external partners, and ∞ continue engagement with students on these important topics while remaining transparent on progress.",1,0
"though openness to diversity is more of a cultural attitude, thus difficult to capture by numbers in its essence, we have identified some specific quantitative targets that represent a reasonably robust proxy for this multi-faceted attribute.",0,1
"looming environmental challenges will require collective, indeed global efforts that have no historical precedent.",1,0
"these differences can be visible or invisible and include but are not limited to race, ethnicity, gender, disability, gender identity, sexual orientation, socio-economic status, national origin, citizenship, caste, language, education, age, geography, family background, neurodiversity, religion, veteran status, ideology, experience, thinking, and communication styles.",0,1
"3.2 engage our alumni, friends and partners we will nurture lifelong relationships with lse alumni, friends and partners which are rewarding to them at every stage of life, with access to the school’s intellectual capital and expertise and a range of opportunities to stay actively involved and contribute to the life of the school.",0,1
"c. staff: university human resources and its office of diversity, equity, inclusion & belonging, and the senior advisor to the provost on equity and inclusion will oversee elements of this strategic plan that relate to staff populations.",0,1
fiu’s professional staff play an equally important role in ensuring that students are succeeding and supported during their journey.,0,1
"below is an overview of the strategic planning process: 1. ideal climate survey: in may 2021, the ideal climate survey was conducted establishing a baseline for campus diversity, equity, and inclusion climate and culture.",0,1
"it is hoped that the findings will not merely be shared with universities and research institutes nationwide but also prove useful for the long-term forecasting of earthquakes and volcanic eruptions, which would be invaluable for society.",1,0
"the expertise of university of georgia faculty, students, and staff is world-renowned, and opportunities to collaborate with communities both locally and around the world serve to strengthen research and scholarship.",0,1
"to gain momentum, um will: inspire knowledge creation by supporting and promoting an environment of excellence.",0,1
"1.2.4 provide affordable options and expand capacity (open educational resources, first-year books, e-book rentals) to meet the course material needs of students, with special focus on late admits and distance students.",1,0
"we will continue to invest time, effort and resources into recruiting, developing, supporting and retaining outstanding faculty from across the globe, and we will do so with a particular focus on diversifying the composition of our faculty.",1,0
in the area of sustainability europe has been leading the way and should continue to do so.,1,0
"the program also provides financial support exceeding 2.5 million yen per student annually to enable each and index (gcsi: an index of each country’s environmental impact, both domestically and internationally), which clearly showed that consumption in developed countries is placing a particularly heavy burden on the planet.",0,1
"we will invest in developing the talents of all our researchers, educators and professional service staff, with funding for training and individual learning accounts to empower staff with agency in their own development, including opening up staff access to lse’s academic programmes.",1,0
"this approach is not only focused on meeting the expectations of our students, parents, alumni, and guests, but through providing everyone with the best information about resources, opportunities, and events.",0,1
"as our third strategic priority, we commit to supporting the development of all our staff, strengthening and enhancing the supporting services and infrastructure across the school to enable the whole lse community to thrive and perform at their best, and ensuring we continue to attract the highest quality researchers, educators and professional services staff from around the world.",0,1
"as part of the university, it is also a place to train the quantum professionals of tomorrow, today.",1,0
"“ student success, defined both within the montclair state university experience and following graduation, is our unifying intention.” montclair state university strategic plan 2025 4 an entrepreneurial strategy underlying the pillars, strategies and success measures is a single aspiration: to be ceaselessly innovative and demonstrably effective in every process that will improve academic quality, promote student success and augment institutional communication and efficiency.",0,1
"this intentional integration will equip us to better solve the challenges that face nebraska and the world, while preparing students for a continually evolving and global workforce.",0,1
"we engage them to enhance student support, recruitment, employment opportunities and leadership in business, science, the arts and society, and to elevate the position and reputation of saint mary’s university in the broader community.",0,1
5.5.3 increase support for and awareness of dei mini-grants to include a variety of community members in our dei work.,1,0
"4 world without limits: the strategic plan for saint mary’s university 2024-2029 i hope you will read this document as a distillation of the many ideas of our community, and i hope also that you will see your own path within this strategic plan for the future of saint mary’s university.",0,1
"implementing a sustainable and agile infrastructure: building upon our history of “making it happen” and our institutional agility, we will provide financial, technological, and physical resources that prepare us for the challenges of the future.",0,1
"in light of the growth in academic programs, facilities, research and enrollments under the previous plan, the university will focus its resources to support student success in a future characterized by mobility and change.",0,1
"value is created through activities centered on the multifaceted 3 perspectives of utokyo compass — strengthening knowledge, nurturing people, and creating place (see next page).",0,1
"now, more than ever, the social sciences and humanities are essential to collaborating and innovating in a world facing massive change and increasing competition for resources.",1,0
"in keeping with our commitment for ongoing engagement, here’s a mid-year update of the progress we have collectively made.",1,0
"increased percent of freshmen and seniors who describe the rigor of their courses at msu as “very high” or “high” on the national survey of student engagement (nsse) instrument 1.1.4. improved university standing, and the standing of its academic programs, as determined in select national rankings, from baselines in ay2019-20 1.1.5. increased number of online programs leading to a degree or certificate from the baseline of ay2019-20 1.1.6. increased delivery of programs in fully online mode by 100% over the baseline of programs in 2019-20montclair state university strategic plan 2025 7 pillar one: fostering student transformation objective 1.2 increase engaged student participation in an expanded range and variety of campus experiences and support activities a) promote maximum access to internship opportunities and cooperative educational experiences for all students b) enhance superior academic performance through expansion of honors options and societies within majors, and support for applications to premier post-secondary opportunities such as fulbright, gates-cambridge, gilman, marshall, mitchell, rhodes, schwarzman and truman scholarships c) increase communication and participation in activities and programs focused on increasing the well-being of students to support the development of the whole student d) achieve national stature as a top ncaa division iii institution e) promote and support student engagement with professional societies, social clubs and interest groups that evolve as the student body evolves strategies msuccess measures 1.2.1. increased levels of engagement across a range of campus experiences as measured by student-reported activity and satisfaction on national surveys (i.e.",0,1
"sincerely, cathy tuckwell chair, board of governors lakehead university strategic theme: expanding student opportunity and success title expanding student opportunity and success overview over the next five years there is a significant opportunity for social and economic growth in the regions where lakehead operates.",0,1
a foundation of this cultural evolution is a process by which the university identifies its core strengths and future directions and devotes the resources necessary over the long term to achieve impact on a global scale.,0,1
they attract and nurture talent and creativity and are central players in regional and national innovation systems.,1,0
"students will learn to manage interpersonal relationships, resolve conflicts and assume responsibility for their own actions.",0,1
